episode,cumulative_reward,average_reward,discounted_reward,convergence_rate,sample_efficiency,policy_entropy,space_complexity
0,398,12.4375,1.4466100198021275e-05,,16,1.0921738147735596,33795
1,240,7.5,2.2015554004456215,,15,0.8382517099380493,33795
2,442,13.8125,0.26400000022015574,,16,0.9387199878692627,33795
3,396,12.375,0.16501442100018704,,16,0.9804423451423645,33795
4,456,14.25,2.1088437701447896e-05,,16,0.44964903593063354,33795
5,392,12.25,1.892099000003411e-05,,16,0.08157522976398468,33795
6,398,12.4375,8.801437733017778,,16,0.43664902448654175,33795
7,318,9.9375,0.09901430132330004,,16,0.7029726505279541,33795
8,230,7.1875,0.0003300000000021121,,16,0.8076646327972412,33795
9,412,12.875,10.0331000454487,,15,0.46776390075683594,33795
10,334,10.4375,0.0016632007701654612,,16,0.8325178623199463,33795
11,240,7.5,3.3784432012277447e-06,,16,0.6928896307945251,33795
12,178,5.5625,3.3002200000154773,,16,0.5407633781433105,33795
13,404,12.625,0.0014421013201540225,,16,0.6753228902816772,33795
14,256,8.0,1.9800017600337895e-05,,16,0.5680027604103088,33795
15,332,10.375,0.18844111122109908,,16,0.5839249491691589,33795
16,298,9.3125,13.255225501650264,,16,0.48326343297958374,33795
17,370,11.5625,5.6104422,,16,0.4378983974456787,33795
18,332,10.375,14.300019801540166,,16,0.21264979243278503,33795
19,148,4.625,0.19855670021000008,,15,0.06592245399951935,33795
20,184,5.75,3.300660132782232,,16,0.6707889437675476,33795
21,476,14.875,0.08822220001879942,,16,0.08673923462629318,33795
22,284,8.875,2.095501991000903e-05,,16,0.545983076095581,33795
23,238,7.4375,0.14410783310660047,,16,0.5997260808944702,33795
24,220,6.875,0.24266550000772205,,16,0.11042506247758865,33795
25,306,9.5625,0.0014300024200000223,,15,0.6733870506286621,33795
26,294,9.1875,1.2100660212426514e-07,,16,0.05739835277199745,33795
27,164,5.125,5.632003300346502e-06,,15,0.026103761047124863,33795
28,492,15.375,0.0015543020956003545,,16,0.5899022817611694,33795
29,186,5.8125,1.1000000143020906e-07,,15,0.6603971719741821,33795
30,272,8.5,8.910001100446733,,16,0.5551385879516602,33795
31,354,11.0625,1.1001100016691554e-06,,16,0.6535501480102539,33795
32,426,13.3125,0.0014300013200016835,,16,0.5711961984634399,33795
33,454,14.1875,0.16632880045100007,,16,0.589828372001648,33795
34,464,14.5,1.6621000187025768e-05,,16,0.5844323635101318,33795
35,322,10.0625,6.600016500014368,,16,0.6425317525863647,33795
36,376,11.75,0.001995533554476001,,16,0.00010329920041840523,33795
37,264,8.25,0.0017600016501430117,,16,0.5946139097213745,33795
38,368,11.5,0.19855000220020905,,14,0.6697201132774353,33795
39,390,12.1875,4.511430186999999,,16,0.6934054493904114,33795
40,366,11.4375,0.002530110000000028,,15,0.585378110408783,33795
41,320,10.0,1.887601775512254e-07,,15,0.04332821071147919,33795
42,320,10.0,0.05633650044002204,,16,0.04176481068134308,33795
43,308,9.625,1.2320121000044668,,16,0.16834552586078644,33795
44,294,9.1875,4.434214400232401e-06,,16,0.5412437915802002,33795
45,276,8.625,4.400002200000001,,16,0.013072478584945202,33795
46,282,8.8125,9.900770001996499,,16,0.014716079458594322,33795
47,298,9.3125,1.1019800007920007e-06,,16,0.6367685794830322,33795
48,306,9.5625,0.21011332221880039,,16,0.40769150853157043,33795
49,284,8.875,0.12188014300001102,,16,0.5279213786125183,33795
50,394,12.3125,0.18810000001991128,,16,0.034353747963905334,33795
51,300,9.375,0.15400017601430185,,16,0.6013025641441345,33795
52,364,11.375,1.4300000001576308e-05,,16,0.7068233489990234,33795
53,330,10.3125,1.6588015400000352e-07,,16,0.42317187786102295,33795
54,424,13.25,0.056437865002332,,16,0.5977914333343506,33795
55,398,12.4375,13.355760144778742,,16,0.006363303866237402,33795
56,500,15.625,0.2090066022000019,,16,0.33710312843322754,33795
57,292,9.125,1.1001556500898708e-07,,16,0.6990447044372559,33795
58,252,7.875,0.0012100000000002502,,16,0.695360541343689,33795
59,330,10.3125,1.4300018702420008e-05,,16,0.6764962673187256,33795
60,318,9.9375,0.002530001320099119,,16,2.558604370039852e-11,33795
61,472,14.75,2.201656600025421,,16,0.7536274194717407,33795
62,612,19.125,13.355760034110013,,16,0.4912171959877014,33795
63,326,10.1875,12.100018700117822,,16,0.6271002292633057,33795
64,358,11.1875,1.100000144666676,,16,0.36574387550354004,33795
65,266,8.3125,1.9844015488000004e-05,,16,0.6381521821022034,33795
66,450,14.0625,12.102090144879899,,16,0.5020267367362976,33795
67,140,4.375,1.4300777700000257e-09,,16,0.4489900469779968,33795
68,314,9.8125,1.1000177442100019,,16,0.23533275723457336,33795
69,292,9.125,6.765000045100034,,16,0.09603865444660187,33795
70,364,11.375,7.701100155540145,,16,0.060328926891088486,33795
71,362,11.3125,0.0018700017711112524,,16,0.1252710074186325,33795
72,234,7.3125,8.800006600000369e-06,,16,0.4640907645225525,33795
73,248,7.75,5.544015544540033,,16,0.05005386844277382,33795
74,460,14.375,0.19801870176776684,,16,0.2504483163356781,33795
75,424,13.25,12.102310000234299,,16,0.333923876285553,33795
76,420,13.125,6.755662221000001,,16,0.6806691884994507,33795
77,270,8.4375,0.0008800015400012106,,16,0.43057781457901,33795
78,272,8.5,5.6101100000212204e-06,,16,0.3449607193470001,33795
79,366,11.4375,2.2000155324401764,,16,0.04953470826148987,33795
80,272,8.5,0.05589659900005502,,16,0.3756091594696045,33795
81,320,10.0,0.19888000000001105,,16,0.011341750621795654,33795
82,350,10.9375,5.544892376870367e-10,,16,0.6479528546333313,33795
83,270,8.4375,1.1000000015498999,,16,0.2696053683757782,33795
84,394,12.3125,0.18898000210540009,,16,0.0005259293830022216,33795
85,252,7.875,0.0018866334300220002,,16,0.7014157772064209,33795
86,484,15.125,0.14433100033440013,,16,0.7205256223678589,33795
87,316,9.875,0.011110176003301338,,16,0.7262611389160156,33795
88,336,10.5,0.0004402761000000214,,16,0.03981681540608406,33795
89,452,14.125,13.2000187,,15,0.620123028755188,33795
90,292,9.125,0.0009988000210870006,,16,0.005081132519990206,33795
91,284,8.875,4.455000000660144,,16,0.027348730713129044,33795
92,174,5.4375,0.00011000000018713643,,16,0.028579890727996826,33795
93,282,8.8125,0.04422009900000003,,15,0.34649717807769775,33795
94,386,12.0625,4.400440000661156,,16,0.6623778343200684,33795
95,330,10.3125,5.501210000000198,,16,0.6623005867004395,33795
96,358,11.1875,9.99901760198,,16,0.2306591123342514,33795
97,318,9.9375,11.022000000019942,,16,0.29659318923950195,33795
98,230,7.1875,0.07700000177667776,,16,0.26900941133499146,33795
99,350,10.9375,0.1445455990000006,,16,0.2893216013908386,33795
100,444,13.875,0.1555444019833026,,16,0.21530190110206604,33795
101,346,10.8125,3.300000154000001,,16,0.12467866390943527,33795
102,336,10.5,0.19801997601760202,,16,0.5627110004425049,33795
103,422,13.1875,0.0017722437843000216,,16,0.24222734570503235,33795
104,304,9.5,0.16533330001993327,,16,0.27691423892974854,33795
105,392,12.25,4.400016577880223e-06,,16,0.4570080637931824,33795
106,530,16.5625,13.311320154550241,,16,0.47786542773246765,33795
107,410,12.8125,6.754000002211143,,16,0.24025072157382965,33795
108,302,9.4375,0.00066011055006743,,16,0.40910327434539795,33795
109,366,11.4375,0.011550121453200028,,16,0.5327557325363159,33795
110,282,8.8125,0.2640044894300991,,16,0.01883806847035885,33795
111,430,13.4375,0.15510025300000035,,16,0.4104604721069336,33795
112,322,10.0625,8.800015422660223,,15,0.0425698384642601,33795
113,274,8.5625,0.012430176018866567,,16,0.1964808702468872,33795
114,328,10.25,1.4432000011000337e-05,,16,0.004719885997474194,33795
115,510,15.9375,10.065660176000035,,16,0.7929720282554626,33795
116,460,14.375,0.177760198000002,,16,0.6972538232803345,33795
117,424,13.25,0.16500013201661168,,16,0.7127712965011597,33795
118,242,7.5625,13.288017776000155,,15,0.009625738486647606,33795
119,216,6.75,1.430000220001981e-05,,16,0.6324553489685059,33795
120,348,10.875,0.17787335577014515,,16,0.553692638874054,33795
121,344,10.75,0.09900000198660171,,16,0.332548052072525,33795
122,362,11.3125,0.2539900770154001,,16,0.4471628665924072,33795
123,392,12.25,0.18701980044550004,,16,0.7137070894241333,33795
124,436,13.625,0.04400000044019805,,16,0.3742426633834839,33795
125,418,13.0625,1.1000000672100003,,16,0.4842221736907959,33795
126,434,13.5625,0.002648900448789101,,16,0.5661681890487671,33795
127,266,8.3125,0.15511665521018833,,15,0.0017295912839472294,33795
128,254,7.9375,2.200003301320002,,16,0.19397860765457153,33795
129,294,9.1875,2.0900016500026676e-07,,16,0.021852565929293633,33795
130,316,9.875,0.15401980055000006,,16,0.2967778146266937,33795
131,318,9.9375,5.555014301473221e-06,,16,0.01320709753781557,33795
132,358,11.1875,8.933320000990001,,16,0.6114866137504578,33795
133,338,10.5625,11.143000000018702,,16,0.01767495647072792,33795
134,330,10.3125,0.0013266770000017844,,16,0.2009846419095993,33795
135,232,7.25,1.3255001166026407e-05,,16,0.010840638540685177,33795
136,324,10.125,4.532000000012188,,16,0.5846142172813416,33795
137,374,11.6875,14.4100000550198,,16,0.001850011060014367,33795
138,426,13.3125,0.0018856092200000311,,16,0.6046121120452881,33795
139,192,6.0,4.554002200000055,,16,0.04238615185022354,33795
140,416,13.0,0.011330132000001984,,16,0.2998638153076172,33795
141,362,11.3125,1.1559901555532013,,16,0.03117060661315918,33795
142,448,14.0,9.900774401443341,,16,0.4165112376213074,33795
143,422,13.1875,0.18821020900000204,,16,0.6888481378555298,33795
144,462,14.4375,0.0018822980055016815,,16,0.1818229705095291,33795
145,442,13.8125,0.13255020901552106,,16,0.01103265956044197,33795
146,336,10.5,4.400000000014301,,16,0.6739083528518677,33795
147,384,12.0,5.6554300017776,,16,0.006250586826354265,33795
148,350,10.9375,0.16522002201883215,,16,0.6798189282417297,33795
149,322,10.0625,0.1883344547700661,,16,0.011199163272976875,33795
150,350,10.9375,0.0017622009901996625,,16,0.0107541773468256,33795
151,342,10.6875,0.0023122000198016746,,16,0.5699372291564941,33795
152,354,11.0625,0.044016666222177044,,16,0.7029269933700562,33795
153,446,13.9375,0.18854782111000187,,16,0.024428360164165497,33795
154,286,8.9375,1.7733540110020912e-09,,15,0.1643964797258377,33795
155,300,9.375,8.910990001884299,,16,0.7240668535232544,33795
156,276,8.625,0.0006600110001555643,,16,0.13933071494102478,33795
157,256,8.0,0.00022004488000055032,,16,0.013329755514860153,33795
158,294,9.1875,0.13256334355661137,,16,0.24264615774154663,33795
159,336,10.5,3.3330022017601215,,16,0.04367849975824356,33795
160,346,10.8125,14.300014300000196,,16,0.5372923016548157,33795
161,260,8.125,1.2325522000000002,,16,0.628254234790802,33795
162,364,11.375,12.232018865220208,,16,0.012990967370569706,33795
163,270,8.4375,0.06600550000000169,,15,0.12218455970287323,33795
164,256,8.0,7.701665544214401,,15,0.057050444185733795,33795
165,184,5.75,5.5000022000002445e-08,,16,0.12436522543430328,33795
166,370,11.5625,0.06700104488550189,,16,0.4252738952636719,33795
167,350,10.9375,0.08888990055004402,,16,0.1949426680803299,33795
168,236,7.375,1.1112200440023101,,16,0.06338783353567123,33795
169,374,11.6875,7.832003300676599,,16,0.003419321496039629,33795
170,392,12.25,0.2537700559900564,,16,0.006862320937216282,33795
171,406,12.6875,0.209670000430132,,16,0.6549278497695923,33795
172,286,8.9375,1.1000143013202424,,16,0.0014731669798493385,33795
173,440,13.75,11.155552188019957,,16,0.5501406788825989,33795
174,382,11.9375,0.2537700440055674,,16,0.13914215564727783,33795
175,262,8.1875,13.2018700000055,,15,0.6862311959266663,33795
176,350,10.9375,0.11000000177430001,,16,0.0646156519651413,33795
177,230,7.1875,11.000003323320088,,16,0.6855882406234741,33795
178,244,7.625,0.0025301659901430006,,16,0.2592657208442688,33795
179,476,14.875,0.0003377018821006801,,16,0.6280615329742432,33795
180,422,13.1875,12.232007778000998,,16,0.3643907308578491,33795
181,346,10.8125,12.243990001775455,,16,0.027604790404438972,33795
182,260,8.125,0.023430176880055033,,16,0.006194734480232,33795
183,474,14.8125,0.0018701651102640434,,16,0.05576618015766144,33795
184,514,16.0625,0.00011004521000202205,,16,0.10412968695163727,33795
185,396,12.375,14.300220002647702,,16,0.056398656219244,33795
186,226,7.0625,0.0018700007700005726,,15,0.007298803888261318,33795
187,382,11.9375,0.0018799014300233592,,16,0.13688187301158905,33795
188,276,8.625,6.601210000440003,,16,0.0016912359278649092,33795
189,438,13.6875,0.001870000016500026,,16,0.4586814045906067,33795
190,242,7.5625,1.4476000166980235e-05,,16,0.35259148478507996,33795
191,310,9.6875,4.400000177990011,,15,0.020068462938070297,33795
192,382,11.9375,1.100000000019978,,15,0.38665762543678284,33795
193,238,7.4375,6.622000000550005e-06,,16,0.7001083493232727,33795
194,478,14.9375,0.1776501430264447,,16,0.07985147833824158,33795
195,370,11.5625,14.301210067100175,,15,0.5193194150924683,33795
196,262,8.1875,0.044000000110001804,,16,0.005970102734863758,33795
197,392,12.25,11.1540231025399,,16,0.36488786339759827,33795
198,232,7.25,0.011016500000165002,,16,0.6668175458908081,33795
199,342,10.6875,1.668810000158866e-05,,16,0.05471189320087433,33795
200,268,8.375,1.1440188320000002,,15,0.003269050270318985,33795
201,276,8.625,1.6566012100000008e-05,,16,0.48358431458473206,33795
202,196,6.125,1.430011000000024e-09,,16,0.008474447764456272,33795
203,414,12.9375,5.589540001328801,,16,0.30515965819358826,33795
204,360,11.25,2.5388000176232118e-05,,16,0.723415732383728,33795
205,418,13.0625,11.001664300016651,,16,0.29067933559417725,33795
206,346,10.8125,2.2660000668833007,,16,0.6161296367645264,33795
207,292,9.125,0.16501993200019804,,16,0.0024399927351623774,33795
208,388,12.125,3.4430198017601867,,15,0.256064236164093,33795
209,340,10.625,11.001650066,,16,0.04220573231577873,33795
210,528,16.5,5.6320110781176975,,16,0.026828812435269356,33795
211,294,9.1875,5.5342101650004775e-06,,15,0.17578282952308655,33795
212,274,8.5625,2.2005588000001652,,16,0.6644618511199951,33795
213,348,10.875,0.011000033785510059,,16,0.5484575033187866,33795
214,432,13.5,2.200452210020901,,16,0.09181962162256241,33795
215,424,13.25,0.0018822109901555594,,16,0.01494070328772068,33795
216,374,11.6875,10.043023102640056,,15,0.0025509591214358807,33795
217,406,12.6875,10.043889999884492,,16,0.6738165616989136,33795
218,532,16.625,0.0021065019833000436,,16,0.299405038356781,33795
219,186,5.8125,0.15587889900220006,,16,0.004266830626875162,33795
220,332,10.375,0.0014300011034210508,,16,0.05753624811768532,33795
221,362,11.3125,3.3894421016544123,,16,0.48164039850234985,33795
222,336,10.5,11.154014421014297,,16,0.04220474883913994,33795
223,432,13.5,1.2100001998701542,,16,0.6596473455429077,33795
224,416,13.0,0.0020901775598000266,,16,0.12471284717321396,33795
225,322,10.0625,0.18865001101995407,,16,0.5990159511566162,33795
226,260,8.125,0.18700000001433303,,15,0.0027802998665720224,33795
227,314,9.8125,0.00022020900011002315,,16,0.002747088670730591,33795
228,440,13.75,0.19800000187000008,,16,0.3185029625892639,33795
229,310,9.6875,0.0011000550033004402,,16,0.3210834264755249,33795
230,434,13.5625,0.1768888000088018,,15,0.0015221198555082083,33795
231,320,10.0,0.011880000000176026,,16,0.5071947574615479,33795
232,288,9.0,0.022990000330198032,,16,0.2197834849357605,33795
233,384,12.0,3.3014410005621,,16,0.178196519613266,33795
234,298,9.3125,0.25301540000003303,,15,0.33825334906578064,33795
235,376,11.75,0.044014300023101444,,16,0.5199723839759827,33795
236,340,10.625,0.1775532014300005,,16,0.00038725853664800525,33795
237,364,11.375,11.000330242002246,,16,0.12735502421855927,33795
238,216,6.75,1.1000165000165023,,16,0.03319552168250084,33795
239,326,10.1875,0.0003389332100231221,,16,0.45209211111068726,33795
240,442,13.8125,11.001320000330077,,16,0.03422306850552559,33795
241,298,9.3125,0.011330210100067472,,16,0.0029084861744195223,33795
242,394,12.3125,3.302420177444355,,16,0.00838471855968237,33795
243,370,11.5625,1.8700000056320255e-07,,16,0.6795281171798706,33795
244,348,10.875,10.032004400003423,,16,0.010439564473927021,33795
245,240,7.5,6.602318954440002,,16,0.01966232806444168,33795
246,416,13.0,1.2199000154238863e-05,,16,0.11335667967796326,33795
247,406,12.6875,0.0011000016632027503,,16,0.3088517189025879,33795
248,454,14.1875,14.455115433006725,,16,9.504357149126008e-05,33795
249,424,13.25,2.2000143022022014,,15,0.045581623911857605,33795
250,386,12.0625,0.09902107776880147,,16,0.06623303890228271,33795
251,232,7.25,0.002200176000176023,,14,0.00836790818721056,33795
252,318,9.9375,0.15609000001650003,,16,0.00010431808914290741,33795
253,254,7.9375,14.301760055013201,,16,0.41046664118766785,33795
254,472,14.75,0.002645500880154049,,16,0.6040034890174866,33795
255,362,11.3125,6.655558800117698,,16,0.03875182941555977,33795
256,348,10.875,0.07700000000025305,,15,0.31472232937812805,33795
257,438,13.6875,0.23188000000015535,,16,0.4473506808280945,33795
258,476,14.875,13.321018702310196,,16,0.7214593887329102,33795
259,204,6.375,5.588002200017755,,16,0.007165532559156418,33795
260,382,11.9375,11.121776601556498,,16,0.15661057829856873,33795
261,132,4.125,0.05533339900000046,,16,0.3594163954257965,33795
262,308,9.625,1.5499886622012284e-05,,16,0.4234861731529236,33795
263,286,8.9375,0.0013200440000010049,,16,0.329387903213501,33795
264,236,7.375,6.600017601870088,,16,0.16504907608032227,33795
265,442,13.8125,2.2000209000000006,,16,0.48472851514816284,33795
266,400,12.5,0.0023166889900000137,,16,0.670331597328186,33795
267,334,10.4375,2.3439900001233664,,16,1.2834968401875813e-05,33795
268,384,12.0,10.043990209004422,,16,0.024122847244143486,33795
269,340,10.625,6.754561002750003e-06,,16,0.002644068095833063,33795
270,422,13.1875,7.833329900440187,,16,0.6168654561042786,33795
271,338,10.5625,6.731999999999999,,16,0.021600862964987755,33795
272,296,9.25,9.901665400019821,,16,0.0033421646803617477,33795
273,238,7.4375,2.2000044000000996,,16,0.17791640758514404,33795
274,392,12.25,0.0025300014300664608,,16,0.0012650955468416214,33795
275,308,9.625,0.03410000001446501,,16,0.02605384960770607,33795
276,326,10.1875,0.14301552254770009,,16,0.0034302035346627235,33795
277,316,9.875,0.03300000187000005,,16,0.1272299587726593,33795
278,414,12.9375,11.001661033335498,,16,0.380488783121109,33795
279,432,13.5,0.13288019965016545,,16,0.017333127558231354,33795
280,224,7.0,0.012333201764400331,,16,0.0573691800236702,33795
281,382,11.9375,0.2640156098801761,,15,0.0016437877202406526,33795
282,308,9.625,11.110990154329997,,16,0.007674446329474449,33795
283,384,12.0,8.932889999000068,,16,0.6112419962882996,33795
284,352,11.0,0.04543000198220001,,16,0.6344747543334961,33795
285,230,7.1875,2.277020901879904e-06,,16,0.051881805062294006,33795
286,180,5.625,1.1015400332201764,,16,0.1668308973312378,33795
287,438,13.6875,0.00022017755553256567,,16,0.5393463373184204,33795
288,274,8.5625,3.4221132549999997,,16,0.46074336767196655,33795
289,298,9.3125,0.0017600015620000005,,16,0.7242240309715271,33795
290,316,9.875,0.18700331144016505,,16,0.4295944273471832,33795
291,324,10.125,2.428800015400024e-07,,16,0.5908877849578857,33795
292,386,12.0625,9.901320011000212,,16,0.7246419787406921,33795
293,390,12.1875,12.100018700550143,,15,0.7211988568305969,33795
294,430,13.4375,1.8877433304535706e-07,,16,0.14825381338596344,33795
295,390,12.1875,0.19801554301875504,,16,0.17874744534492493,33795
296,372,11.625,2.2000343200110274e-05,,16,0.03471197560429573,33795
297,482,15.0625,1.1011001436633001,,16,0.6886728405952454,33795
298,292,9.125,0.12166003333000006,,14,0.10660836845636368,33795
299,416,13.0,0.06600014302427845,,16,0.06633280217647552,33795
300,236,7.375,0.14300019800015515,,16,0.000490204431116581,33795
301,450,14.0625,0.0020977000055005927,,16,0.10195830464363098,33795
302,314,9.8125,0.07700000210662102,,16,0.02782447822391987,33795
303,332,10.375,0.21010000155650188,,16,0.0021608001552522182,33795
304,366,11.4375,7.821002222022003,,16,0.22425788640975952,33795
305,406,12.6875,1.5598019867233105e-05,,16,0.01107756793498993,33795
306,296,9.25,0.023210166430001813,,15,0.004771691747009754,33795
307,314,9.8125,3.3110022114399995,,16,0.48016393184661865,33795
308,362,11.3125,0.0011000000121007838,,16,0.7832880020141602,33795
309,398,12.4375,3.3550056005399993,,16,0.5543291568756104,33795
310,202,6.3125,1.1004400019977332,,16,0.0055708978325128555,33795
311,332,10.375,0.023210034320066027,,16,0.2573358416557312,33795
312,200,6.25,1.1000000000028794e-05,,16,0.00044442445505410433,33795
313,328,10.25,0.26400014432015406,,15,0.007019656244665384,33795
314,286,8.9375,4.400001155011004,,16,0.00016269064508378506,33795
315,248,7.75,0.0008845549988006603,,16,0.020167386159300804,33795
316,392,12.25,0.0019932003301986606,,15,0.6407891511917114,33795
317,552,17.25,2.3333332000211193,,16,0.6155459880828857,33795
318,420,13.125,13.332660165000187,,16,0.01421140693128109,33795
319,428,13.375,6.733320001870156,,16,0.36991384625434875,33795
320,440,13.75,2.6488336601870347e-05,,16,0.08138826489448547,33795
321,230,7.1875,0.1430002530000228,,15,0.3356575071811676,33795
322,316,9.875,7.700000000033007e-08,,16,0.7018952369689941,33795
323,182,5.6875,1.1000022,,16,0.5936142802238464,33795
324,392,12.25,0.16610003301760237,,16,0.29407137632369995,33795
325,258,8.0625,1.6501980000000008e-05,,16,0.002826203126460314,33795
326,312,9.75,0.0015576558921000004,,16,0.39421898126602173,33795
327,392,12.25,1.4366558802693057e-09,,15,0.4549049139022827,33795
328,208,6.5,0.0016501540000880002,,16,0.0124887116253376,33795
329,328,10.25,0.06600000209004403,,16,0.644827127456665,33795
330,240,7.5,1.9910018702090016e-07,,15,0.010523492470383644,33795
331,344,10.75,7.701776500334488,,16,0.0006542528863064945,33795
332,368,11.5,1.8810020902890066e-09,,15,0.5161959528923035,33795
333,354,11.0625,0.19802310000220164,,16,0.01037223543971777,33795
334,344,10.75,0.044000045320001555,,16,0.03669814392924309,33795
335,344,10.75,0.2647767210209881,,16,0.6352604627609253,33795
336,320,10.0,0.16665000264114527,,16,0.015893006697297096,33795
337,260,8.125,2.234100000220001,,15,0.04799140244722366,33795
338,270,8.4375,0.0013277002200000104,,16,0.0020371319260448217,33795
339,444,13.875,0.24200000220021056,,16,0.9296507835388184,33795
340,348,10.875,0.24201430001435614,,16,0.002557460218667984,33795
341,234,7.3125,1.101430001551022,,15,0.01080950628966093,33795
342,402,12.5625,0.0016511000000660435,,16,0.015700822696089745,33795
343,326,10.1875,0.19800020944019808,,16,0.41008126735687256,33795
344,450,14.0625,12.266115532020901,,16,0.5929697155952454,33795
345,334,10.4375,1.774421440015071e-05,,16,0.028078963980078697,33795
346,390,12.1875,2.200000155119833,,16,0.4502863883972168,33795
347,422,13.1875,11.000005500000002,,15,0.39987829327583313,33795
348,184,5.75,1.545544000111871e-07,,15,0.05307557061314583,33795
349,304,9.5,1.556500440068991e-07,,16,0.00163659593090415,33795
350,386,12.0625,0.19921026401768804,,16,0.4028487205505371,33795
351,362,11.3125,0.04402104366019947,,16,0.009476248174905777,33795
352,338,10.5625,2.3336500000001656,,15,0.010054362006485462,33795
353,330,10.3125,0.022000000001100042,,16,0.03247607499361038,33795
354,416,13.0,2.3210000145002521e-07,,16,0.08812406659126282,33795
355,368,11.5,0.0018700005501554571,,16,0.08781194686889648,33795
356,412,12.875,0.1663299660198025,,16,0.21595701575279236,33795
357,424,13.25,1.3277770005390298e-07,,16,0.14479738473892212,33795
358,304,9.5,0.12101654401870146,,16,0.10138407349586487,33795
359,368,11.5,0.03389103300000003,,16,0.6014791131019592,33795
360,372,11.625,0.0018832550154672379,,16,0.00818469375371933,33795
361,324,10.125,0.04400014421990002,,16,0.8216657638549805,33795
362,430,13.4375,0.19855671001870193,,16,0.1355808675289154,33795
363,392,12.25,0.06601760001995403,,16,0.6850005388259888,33795
364,306,9.5625,6.600016665220144,,16,0.23034165799617767,33795
365,180,5.625,0.055000143443300016,,16,0.008882075548171997,33795
366,288,9.0,5.644662101216601,,16,0.0037600179202854633,33795
367,282,8.8125,0.155216721660001,,15,0.502032995223999,33795
368,292,9.125,0.16501543366330007,,16,0.6993322372436523,33795
369,310,9.6875,6.6770188877843015,,16,0.5213977098464966,33795
370,172,5.375,0.022000002200001433,,15,0.23686069250106812,33795
371,208,6.5,0.09900026400000006,,16,0.0003953287668991834,33795
372,294,9.1875,0.05501650000016501,,16,0.00039222289342433214,33795
373,312,9.75,0.05544770000000233,,16,0.24640172719955444,33795
374,300,9.375,0.03301444443557701,,15,0.3790125548839569,33795
375,416,13.0,0.0018855980001980003,,16,0.21837247908115387,33795
376,306,9.5625,0.14455100002310006,,16,0.10370798408985138,33795
377,374,11.6875,1.2105502640033003,,16,0.2580561935901642,33795
378,402,12.5625,1.1331233333476793e-06,,16,0.6328138709068298,33795
379,356,11.125,2.6401650154022016e-07,,16,0.03270073980093002,33795
380,344,10.75,0.001980000002333344,,16,0.6348046064376831,33795
381,348,10.875,13.200018701540001,,16,0.007249799091368914,33795
382,222,6.9375,1.7600000055012114e-05,,16,0.002504149917513132,33795
383,166,5.1875,7.722000110009902e-06,,15,0.4156028628349304,33795
384,376,11.75,0.07778003332000061,,16,0.1401607245206833,33795
385,264,8.25,0.00011018702099988028,,16,0.7057960629463196,33795
386,284,8.875,3.3000088004400014,,16,0.16306886076927185,33795
387,402,12.5625,0.0016676000231880001,,16,0.15613244473934174,33795
388,294,9.1875,0.0027588000188430144,,16,0.6298735737800598,33795
389,370,11.5625,1.1221100880002004,,16,0.6744272112846375,33795
390,378,11.8125,7.865990000025389,,16,0.36918607354164124,33795
391,334,10.4375,0.0017600017776770104,,16,0.06286562234163284,33795
392,450,14.0625,0.24333226665220023,,16,0.003543713828548789,33795
393,246,7.6875,0.0017600000000015548,,16,0.16127909719944,33795
394,416,13.0,0.14454000177210066,,16,0.6545611619949341,33795
395,324,10.125,1.6501661121036307e-05,,16,0.01559484750032425,33795
396,450,14.0625,14.30198000166224,,15,0.5124878287315369,33795
397,314,9.8125,4.4014465000275046e-08,,15,0.004682076163589954,33795
398,276,8.625,1.760211990900041e-11,,16,0.008826627396047115,33795
399,336,10.5,0.0001221000166650231,,16,0.5646772384643555,33795
400,294,9.1875,0.0021109000000017605,,16,0.1757889688014984,33795
401,296,9.25,14.301870002090022,,16,0.0023786963429301977,33795
402,452,14.125,0.0017601210002530007,,15,0.35740864276885986,33795
403,332,10.375,4.400018876000002,,16,0.7126652002334595,33795
404,306,9.5625,6.633025300014412,,16,0.4475066661834717,33795
405,370,11.5625,13.322320000016674,,16,0.002511650323867798,33795
406,426,13.3125,0.1994300016677003,,15,0.04882363602519035,33795
407,330,10.3125,1.870000014455131e-05,,16,0.05291552096605301,33795
408,246,7.6875,0.1870055771100015,,16,0.00028373015811666846,33795
409,274,8.5625,0.0024200880001557607,,16,0.594504177570343,33795
410,458,14.3125,12.254440187334554,,16,0.03630867972970009,33795
411,370,11.5625,2.2550001980465653e-06,,16,0.7777582406997681,33795
412,328,10.25,0.05611650253662206,,16,0.05604926496744156,33795
413,410,12.8125,0.1885576000001775,,16,0.0023890978191047907,33795
414,408,12.75,0.045210001663256345,,16,0.061198532581329346,33795
415,444,13.875,0.16622870154446717,,16,0.34252285957336426,33795
416,270,8.4375,3.422430144663202,,16,0.24407005310058594,33795
417,294,9.1875,9.900019855783365,,16,0.008052443154156208,33795
418,286,8.9375,2.200000077014388,,16,0.11797173321247101,33795
419,268,8.375,8.8000033,,16,0.7106132507324219,33795
420,210,6.5625,3.3000002090000002,,16,0.03090771660208702,33795
421,428,13.375,0.0005644650023320365,,16,0.735981285572052,33795
422,478,14.9375,0.05621015576018705,,16,0.6218634843826294,33795
423,418,13.0625,0.1980044021022431,,16,0.40052980184555054,33795
424,372,11.625,0.0015522437766000488,,16,0.0015781206311658025,33795
425,372,11.625,0.05501760011001213,,16,0.16781091690063477,33795
426,452,14.125,3.421008845447678,,16,0.6414322257041931,33795
427,428,13.375,5.500016633334466,,16,0.26241064071655273,33795
428,334,10.4375,0.00011014300331104098,,16,0.1696358174085617,33795
429,268,8.375,4.543550066000131,,16,0.014336889609694481,33795
430,530,16.5625,14.300020902530134,,16,0.1894165277481079,33795
431,360,11.25,1.4545650055664487e-15,,16,0.43478477001190186,33795
432,244,7.625,0.056430044000044886,,16,0.13332906365394592,33795
433,330,10.3125,3.311138767111127e-12,,16,0.37608325481414795,33795
434,254,7.9375,0.0004554017602200005,,15,0.1863485723733902,33795
435,304,9.5,4.400344652041176e-10,,16,0.2576552629470825,33795
436,422,13.1875,0.001997655000023119,,16,0.7719255089759827,33795
437,376,11.75,0.00034111002320056326,,16,0.6200646162033081,33795
438,410,12.8125,1.6643012100000265e-05,,16,0.3836401104927063,33795
439,198,6.1875,0.17600000000015406,,15,0.07338225096464157,33795
440,350,10.9375,13.354018843000155,,16,0.13815909624099731,33795
441,350,10.9375,14.377017600550012,,16,0.6602826118469238,33795
442,318,9.9375,0.0452101667600018,,16,0.024535058066248894,33795
443,382,11.9375,1.5577430000032249e-07,,16,0.04270751774311066,33795
444,350,10.9375,0.24200000144006573,,16,0.14973431825637817,33795
445,422,13.1875,0.14432000154220156,,16,0.09240292012691498,33795
446,322,10.0625,0.00022784301980145115,,16,0.13043440878391266,33795
447,380,11.875,13.354992321018855,,16,0.0018768205773085356,33795
448,270,8.4375,1.9932015402750338e-09,,16,0.027332648634910583,33795
449,422,13.1875,11.0019954000242,,16,0.5160369873046875,33795
450,328,10.25,0.07700000000015404,,16,0.5891561508178711,33795
451,272,8.5,0.2310132006710331,,15,0.1466662436723709,33795
452,416,13.0,12.100010066219976,,16,0.713624119758606,33795
453,350,10.9375,1.2100000156027734e-07,,16,0.002065675798803568,33795
454,348,10.875,11.0000055000187,,15,0.001281381119042635,33795
455,220,6.875,4.411003300000002,,16,0.003224545856937766,33795
456,220,6.875,3.300000011231,,16,0.0006198737537488341,33795
457,260,8.125,1.1005500014421004,,16,0.0018387861782684922,33795
458,454,14.1875,0.06699440143000181,,16,0.6644889116287231,33795
459,316,9.875,2.2000001760004562e-08,,16,0.701420783996582,33795
460,144,4.5,0.09955015554000003,,15,0.008713631890714169,33795
461,394,12.3125,1.9933430000011215e-05,,16,0.19534185528755188,33795
462,264,8.25,5.577000000000232,,15,0.03400849550962448,33795
463,298,9.3125,1.9800024202010094e-07,,15,0.6925514936447144,33795
464,288,9.0,0.19844452266548923,,16,0.4956229329109192,33795
465,380,11.875,0.03421017600557703,,16,0.6365367770195007,33795
466,374,11.6875,8.801445400000004,,16,0.02930464968085289,33795
467,396,12.375,2.420154894300028e-05,,16,0.22225844860076904,33795
468,352,11.0,1.5400014476022395e-07,,15,0.21219274401664734,33795
469,378,11.8125,0.07733000000020956,,16,0.08363758027553558,33795
470,272,8.5,0.0009900000176019802,,15,0.5616881847381592,33795
471,386,12.0625,3.4320187000187006,,15,0.06658244132995605,33795
472,478,14.9375,11.001326722332212,,16,0.14919346570968628,33795
473,318,9.9375,0.023222100553322775,,16,0.6238263845443726,33795
474,392,12.25,5.6430000004498995,,16,0.7172999978065491,33795
475,470,14.6875,11.02266016610011,,16,0.1588289439678192,33795
476,452,14.125,12.10001776654,,16,0.0030078059062361717,33795
477,254,7.9375,0.06677440000006692,,16,0.001902726013213396,33795
478,196,6.125,0.2530055000022115,,16,0.61222243309021,33795
479,328,10.25,0.14300000198002208,,16,0.5848948955535889,33795
480,460,14.375,0.14355014301769906,,16,0.4092139005661011,33795
481,196,6.125,0.16721100198770006,,16,0.07539734989404678,33795
482,402,12.5625,3.300770055452188,,16,0.5354887247085571,33795
483,366,11.4375,0.06600000000550181,,16,0.058263491839170456,33795
484,302,9.4375,0.0014443000044674305,,16,0.015318297781050205,33795
485,416,13.0,14.498000099564457,,16,0.004696721211075783,33795
486,320,10.0,0.0012101870176000008,,16,0.2094024419784546,33795
487,268,8.375,0.14344014300000008,,16,0.11204446852207184,33795
488,424,13.25,4.400015554000222,,16,0.1883465051651001,33795
489,344,10.75,0.0017601540000015405,,16,0.3558059334754944,33795
490,530,16.5625,0.044015401760055035,,16,0.718645453453064,33795
491,400,12.5,3.3990176000001426,,16,0.34470391273498535,33795
492,304,9.5,1.1001100024311228,,16,0.07215633988380432,33795
493,376,11.75,0.06602103233440001,,16,0.06375671178102493,33795
494,256,8.0,8.8018799000055,,16,0.5249921083450317,33795
495,216,6.75,0.08833011001870046,,16,0.0778973251581192,33795
496,390,12.1875,0.012446500000001432,,16,0.029877714812755585,33795
497,262,8.1875,0.13200000121563205,,16,0.19222965836524963,33795
498,308,9.625,0.0016500015401556692,,16,0.10631221532821655,33795
499,492,15.375,2.5302530210454327e-05,,15,0.7197709083557129,33795
500,222,6.9375,0.00011228800330003445,,16,0.002003410365432501,33795
501,440,13.75,1.9932990001980525e-05,,16,0.06932875514030457,33795
502,312,9.75,3.311000000009155e-06,,15,0.616653561592102,33795
503,342,10.6875,1.1000000143660006e-05,,16,0.007644874043762684,33795
504,270,8.4375,1.3201652201341226e-07,,16,0.05723421275615692,33795
505,424,13.25,0.15401881066880152,,16,0.5697008371353149,33795
506,526,16.4375,0.16632022121000206,,16,0.2646488547325134,33795
507,192,6.0,2.200000000000003,,16,0.39571940898895264,33795
508,310,9.6875,0.16500562199000166,,16,0.023704055696725845,33795
509,360,11.25,0.14411210022019805,,16,0.25947779417037964,33795
510,360,11.25,3.4547854000165015,,16,0.3773614764213562,33795
511,222,6.9375,0.0006600000044000001,,16,0.3288077116012573,33795
512,350,10.9375,3.344770176880002,,16,0.04229911044239998,33795
513,260,8.125,1.2101760209022269e-09,,15,0.5386791229248047,33795
514,338,10.5625,0.20999896501100004,,16,0.10553493350744247,33795
515,360,11.25,0.04499990132016506,,16,0.006428684573620558,33795
516,424,13.25,1.650022016500052e-05,,16,0.0025016360450536013,33795
517,274,8.5625,0.17600008800018893,,14,0.6061378717422485,33795
518,182,5.6875,1.1022000000000003,,15,0.004308429546654224,33795
519,354,11.0625,2.299000001324489,,16,0.0020080439280718565,33795
520,398,12.4375,8.801760200000026e-08,,16,0.5947425365447998,33795
521,240,7.5,8.800000517000007e-10,,16,0.0010438968893140554,33795
522,312,9.75,11.000770176,,16,0.3855952322483063,33795
523,246,7.6875,0.001995499442344464,,16,0.5525342226028442,33795
524,260,8.125,0.16644540110000006,,16,0.21214643120765686,33795
525,306,9.5625,5.501439900330187,,16,0.6831055283546448,33795
526,292,9.125,9.9660001540044,,15,0.0027294631581753492,33795
527,376,11.75,0.011024233021043125,,16,0.5749289989471436,33795
528,432,13.5,0.012327800100155694,,16,0.38998156785964966,33795
529,322,10.0625,1.889800006600001e-05,,15,0.0884128212928772,33795
530,210,6.5625,0.02233001188341056,,16,0.00013557641068473458,33795
531,390,12.1875,0.05501540165016579,,16,0.06287705153226852,33795
532,312,9.75,0.07734442145113325,,16,0.0016799726290628314,33795
533,400,12.5,0.19866019944877708,,16,0.7105503082275391,33795
534,298,9.3125,0.001870165000001786,,16,0.012211063876748085,33795
535,392,12.25,0.0017765018777990001,,16,0.1083839163184166,33795
536,322,10.0625,2.20000550000021,,15,0.3483824133872986,33795
537,382,11.9375,0.19800021120669997,,15,0.2667655646800995,33795
538,304,9.5,4.401557600000178,,16,0.09679162502288818,33795
539,306,9.5625,14.422320055003302,,15,0.3610415458679199,33795
540,364,11.375,0.11002648800016504,,15,0.010699700564146042,33795
541,388,12.125,12.243005511026404,,16,0.025365367531776428,33795
542,294,9.1875,1.9888000002310286e-05,,16,0.002657615579664707,33795
543,290,9.0625,5.5022066440004764e-06,,16,0.02707378938794136,33795
544,226,7.0625,0.24201540000006605,,16,0.6122110486030579,33795
545,256,8.0,2.200000001650001,,15,0.5646693110466003,33795
546,358,11.1875,0.23221000188552213,,16,0.002146771876141429,33795
547,402,12.5625,0.16502200002543366,,16,0.4541129171848297,33795
548,274,8.5625,12.22100552299,,16,0.394420862197876,33795
549,396,12.375,0.055000000002200025,,14,0.6225537657737732,33795
550,402,12.5625,4.544320001761101,,16,0.003974135033786297,33795
551,382,11.9375,8.90054880066339,,16,0.03363632410764694,33795
552,134,4.1875,0.06600551100014401,,15,0.08168870210647583,33795
553,394,12.3125,0.0007700014455980489,,15,0.6592998504638672,33795
554,366,11.4375,2.202426633004402,,16,0.01044310349971056,33795
555,342,10.6875,0.03400320001870045,,16,0.2767127454280853,33795
556,456,14.25,0.056100001997799034,,16,0.558513879776001,33795
557,266,8.3125,5.6434400564509,,16,0.5144073963165283,33795
558,204,6.375,0.002420011783332009,,16,0.003143536625429988,33795
559,402,12.5625,0.0013200012101540004,,16,0.16977638006210327,33795
560,376,11.75,0.19921000187000004,,16,0.6998307704925537,33795
561,220,6.875,0.26400000121770006,,16,0.0033108750358223915,33795
562,362,11.3125,12.1000001001165,,16,0.2534399628639221,33795
563,310,9.6875,2.5301210022330504e-05,,16,0.005946863442659378,33795
564,308,9.625,0.11000005600666501,,16,0.4247714877128601,33795
565,374,11.6875,2.2000000000177655,,16,0.15196192264556885,33795
566,462,14.4375,1.9822000188798688e-05,,15,0.00077805359615013,33795
567,230,7.1875,0.0006732000011000003,,16,0.013838783837854862,33795
568,432,13.5,9.901776677663198,,16,0.5641571879386902,33795
569,296,9.25,0.03311000176660003,,16,0.033028677105903625,33795
570,300,9.375,9.90210443201874,,15,0.5459837913513184,33795
571,376,11.75,0.0011000000155210244,,16,0.6978216171264648,33795
572,318,9.9375,0.067210188219988,,16,0.562168300151825,33795
573,366,11.4375,0.1980144650033001,,15,0.7058496475219727,33795
574,268,8.375,0.0005500000000022002,,16,0.05282021313905716,33795
575,440,13.75,13.354024322429998,,16,0.3654468357563019,33795
576,374,11.6875,2.321143660056586e-05,,16,0.12573328614234924,33795
577,400,12.5,4.500443202648801,,16,0.09906306862831116,33795
578,316,9.875,0.001777602209900129,,16,0.2924883961677551,33795
579,396,12.375,0.03300555622100158,,16,0.568732738494873,33795
580,290,9.0625,0.21011336566003427,,15,0.2774108648300171,33795
581,226,7.0625,0.000330000019822,,16,0.7314968109130859,33795
582,300,9.375,0.20900000177210007,,16,0.05678443983197212,33795
583,210,6.5625,3.3000209,,16,0.5509579181671143,33795
584,362,11.3125,0.002427700330001431,,16,0.4410054683685303,33795
585,396,12.375,4.401446500000002,,16,0.6282129287719727,33795
586,278,8.6875,1.8700224489540547e-05,,16,0.27881914377212524,33795
587,492,15.375,2.299016709006603,,16,0.002054803539067507,33795
588,310,9.6875,1.4300567823432337e-11,,16,0.5304853916168213,33795
589,436,13.625,14.300000198017736,,16,0.1046859547495842,33795
590,420,13.125,4.543446721220023,,16,0.3158183693885803,33795
591,372,11.625,1.7755884511570717e-11,,16,0.7509404420852661,33795
592,318,9.9375,5.589210033330001,,16,0.7680303454399109,33795
593,352,11.0,5.500000000000002,,16,0.7534230947494507,33795
594,350,10.9375,0.0014466760088000259,,16,0.0011250097304582596,33795
595,256,8.0,3.3000055893299223,,15,0.2518797516822815,33795
596,338,10.5625,0.1882101540001668,,16,0.3019280433654785,33795
597,366,11.4375,0.012113365000143046,,16,0.012570980004966259,33795
598,252,7.875,0.0017766102201430003,,16,0.2056068778038025,33795
599,402,12.5625,0.1430176018821006,,15,0.4596657156944275,33795
600,394,12.3125,3.366000209880001,,16,0.11708416044712067,33795
601,294,9.1875,2.2000154008800554,,16,0.002748658414930105,33795
602,440,13.75,13.34422113200014,,16,0.4004109501838684,33795
603,294,9.1875,0.0019965110000444404,,16,0.19204697012901306,33795
604,340,10.625,6.677024201650198,,16,0.09207669645547867,33795
605,406,12.6875,0.06755210166650147,,16,0.08427529036998749,33795
606,236,7.375,9.901214522229804e-06,,15,0.014202523976564407,33795
607,432,13.5,7.777990004755778e-08,,16,0.1102638989686966,33795
608,268,8.375,0.0014477114301540222,,16,0.052729297429323196,33795
609,488,15.25,0.19965016633320012,,16,0.4908103346824646,33795
610,298,9.3125,6.600016622117599,,16,0.19485428929328918,33795
611,190,5.9375,0.16533550000016523,,16,0.002510146237909794,33795
612,350,10.9375,6.6000001546754,,15,0.007890675216913223,33795
613,264,8.25,2.2000011014301433,,15,0.6647873520851135,33795
614,272,8.5,5.599999901870145,,16,0.11332261562347412,33795
615,574,17.9375,0.16632000143023218,,16,0.46013009548187256,33795
616,458,14.3125,8.801870000015578,,16,0.0011921509867534041,33795
617,324,10.125,0.0017600017688336606,,14,0.11732076108455658,33795
618,294,9.1875,4.5430001760001435,,15,0.02360055036842823,33795
619,264,8.25,0.023210044000000006,,16,0.5979324579238892,33795
620,340,10.625,0.16501552265024208,,16,0.49132204055786133,33795
621,380,11.875,0.0018700000066000358,,16,0.07214504480361938,33795
622,378,11.8125,10.022224299999996,,16,0.3898273706436157,33795
623,398,12.4375,5.654011078210001,,16,0.00314800045453012,33795
624,200,6.25,9.934320178750389e-08,,16,0.0075689516961574554,33795
625,342,10.6875,0.001980001661044048,,16,0.7261191010475159,33795
626,266,8.3125,0.00022781000000202733,,16,0.09794517606496811,33795
627,260,8.125,1.878932000003763e-09,,16,0.0027927786577492952,33795
628,370,11.5625,0.00011000000026534234,,16,0.6701581478118896,33795
629,290,9.0625,0.17601446676220012,,16,0.011403584852814674,33795
630,276,8.625,5.50011440187012,,16,0.07561790943145752,33795
631,450,14.0625,0.044660033000000064,,16,0.5893219709396362,33795
632,328,10.25,0.1870000000187001,,15,0.12271188199520111,33795
633,346,10.8125,0.0017666452232330005,,16,0.7293304204940796,33795
634,214,6.6875,12.111000088330162,,16,0.0034057162702083588,33795
635,286,8.9375,4.401540055550002,,16,0.0019738164264708757,33795
636,210,6.5625,0.03410023210000178,,15,0.016400163993239403,33795
637,450,14.0625,1.324488018075246e-07,,16,0.003976063337177038,33795
638,328,10.25,1.7743015598026416e-09,,15,0.0036956937983632088,33795
639,282,8.8125,0.17666000000027507,,16,0.08545945584774017,33795
640,330,10.3125,11.000330000018863,,16,0.06437909603118896,33795
641,358,11.1875,13.343000242005576,,16,0.0028424214106053114,33795
642,342,10.6875,11.002107601319999,,16,0.4237127900123596,33795
643,390,12.1875,7.821019800662212,,16,0.42480313777923584,33795
644,388,12.125,0.14333000088342107,,16,0.0036176436115056276,33795
645,134,4.1875,0.25300000001986606,,16,0.1553763747215271,33795
646,382,11.9375,6.600000088000002,,16,0.0004087220295332372,33795
647,398,12.4375,8.921015576015465,,16,0.3423735201358795,33795
648,392,12.25,8.911665511210176,,16,0.010379409417510033,33795
649,460,14.375,9.988440154000001,,16,0.5186668634414673,33795
650,344,10.75,12.100000000000033,,16,0.5880110263824463,33795
651,372,11.625,0.18722000011000184,,16,0.3792755901813507,33795
652,348,10.875,1.100000199540154,,16,0.5241721868515015,33795
653,214,6.6875,0.022000000019800008,,16,0.001654254738241434,33795
654,364,11.375,5.654019965000165,,16,0.3937841057777405,33795
655,294,9.1875,0.18700014454016525,,16,0.023731786757707596,33795
656,296,9.25,0.1980110016500021,,15,0.3275834321975708,33795
657,146,4.5625,3.3011088015400027e-06,,16,0.03559601306915283,33795
658,340,10.625,0.0014476776600000404,,16,0.010361429303884506,33795
659,378,11.8125,0.00022880023004303438,,16,0.7562111616134644,33795
660,228,7.125,12.243000177540143,,16,0.23988676071166992,33795
661,300,9.375,0.001989989002276,,15,0.24969667196273804,33795
662,382,11.9375,0.18832020900015406,,16,0.3879389464855194,33795
663,362,11.3125,0.022117700000220033,,16,0.2075815051794052,33795
664,396,12.375,0.0003400100000015821,,16,0.6359860897064209,33795
665,388,12.125,0.166430177554311,,16,0.29988986253738403,33795
666,346,10.8125,2.2018931000209014,,16,0.008383778855204582,33795
667,380,11.875,1.2100187025300024,,16,0.5123026371002197,33795
668,290,9.0625,1.2335565220000007,,16,0.13589566946029663,33795
669,414,12.9375,13.200112202089999,,16,0.6947628259658813,33795
670,236,7.375,0.1650143000001436,,16,0.04679495468735695,33795
671,272,8.5,0.1998700667701989,,16,0.07338330149650574,33795
672,426,13.3125,12.23332017602758,,16,0.09397768974304199,33795
673,416,13.0,0.17655990166773283,,16,0.44461512565612793,33795
674,382,11.9375,0.0003377015400024368,,16,0.12458975613117218,33795
675,168,5.25,0.0005588891000000002,,16,0.000745646539144218,33795
676,444,13.875,0.1760001447600016,,16,0.7050594091415405,33795
677,294,9.1875,0.056224433445444005,,16,0.05398131534457207,33795
678,372,11.625,1.7721553301870346e-05,,16,0.16173137724399567,33795
679,402,12.5625,0.023335401551000046,,16,0.09011992812156677,33795
680,416,13.0,0.1105501540154005,,16,0.002532176673412323,33795
681,340,10.625,14.444336511000005,,16,0.40592628717422485,33795
682,360,11.25,1.760144334466981e-05,,16,0.7388597726821899,33795
683,278,8.6875,9.9022,,15,0.34743109345436096,33795
684,304,9.5,0.0674300015400019,,16,0.17987880110740662,33795
685,324,10.125,1.2101870154000305e-05,,16,0.14843927323818207,33795
686,242,7.5625,4.521880000344303,,16,0.3771350681781769,33795
687,312,9.75,0.03421880000000177,,16,0.007467648945748806,33795
688,324,10.125,1.6500000209035215e-07,,15,0.3075234591960907,33795
689,340,10.625,1.1021069730432115e-12,,16,0.004372124094516039,33795
690,384,12.0,1.430166552188023e-05,,16,0.20400968194007874,33795
691,148,4.625,5.6656600000187005,,16,0.06051450967788696,33795
692,230,7.1875,0.011110000998900669,,16,0.522783637046814,33795
693,334,10.4375,0.02321019866440245,,16,0.001716159749776125,33795
694,286,8.9375,1.980000018768201e-05,,16,0.09052163362503052,33795
695,274,8.5625,0.011782100220188782,,16,0.001980150118470192,33795
696,184,5.75,3.3005555011209034e-06,,16,0.0036543970927596092,33795
697,348,10.875,4.400338800000121,,15,0.10108299553394318,33795
698,372,11.625,0.16500016544562104,,16,0.6451206207275391,33795
699,300,9.375,0.0005502420121001408,,16,0.12027101963758469,33795
700,362,11.3125,0.18701664476990001,,16,0.054350174963474274,33795
701,354,11.0625,0.001990000554465,,16,0.08477233350276947,33795
702,324,10.125,0.0011000124443564677,,16,0.004087739158421755,33795
703,230,7.1875,1.7732000000000528e-05,,14,0.0429886132478714,33795
704,428,13.375,0.2425500000000016,,16,0.37489837408065796,33795
705,268,8.375,4.5007600000275,,16,0.05646689236164093,33795
706,358,11.1875,0.000550143890043,,16,0.6342687606811523,33795
707,302,9.4375,0.17600220253990126,,16,0.0974339097738266,33795
708,374,11.6875,0.14300000000000007,,16,0.4089193344116211,33795
709,450,14.0625,0.0004521770198023267,,16,0.5974535942077637,33795
710,358,11.1875,0.17600220001654404,,16,0.2524174749851227,33795
711,368,11.5,7.811765599000001,,16,0.6093543767929077,33795
712,438,13.6875,10.054110001980076,,16,0.24552574753761292,33795
713,464,14.5,12.101430144988921,,16,0.043425023555755615,33795
714,250,7.8125,0.0005643000000880001,,16,0.006744113750755787,33795
715,332,10.375,0.0003301556676000366,,16,0.3458961844444275,33795
716,360,11.25,1.980000000090765e-05,,16,0.7202560901641846,33795
717,318,9.9375,3.3000001882101997,,15,0.8304855823516846,33795
718,448,14.0,0.0016500024202102301,,15,0.7245692610740662,33795
719,244,7.625,1.8832007704972012e-07,,16,0.001741313491947949,33795
720,358,11.1875,0.00011000001543301013,,15,0.2736678719520569,33795
721,300,9.375,0.17699014302750168,,15,0.09700918197631836,33795
722,366,11.4375,2.0902548922572287e-11,,16,0.0020226603373885155,33795
723,390,12.1875,8.800027500009948,,16,1.0277085304260254,33795
724,286,8.9375,0.0014301989900220005,,16,0.03384440764784813,33795
725,314,9.8125,6.699330000000188,,15,0.0011196935083717108,33795
726,472,14.75,0.0008801882233113652,,16,0.0794747844338417,33795
727,418,13.0625,0.25300015400770004,,16,0.2975425720214844,33795
728,164,5.125,0.1430188320144543,,15,0.13056953251361847,33795
729,404,12.625,3.3015477,,16,0.2649900019168854,33795
730,448,14.0,7.855670900004402,,15,0.44429153203964233,33795
731,296,9.25,0.18799019802532205,,15,0.0640026181936264,33795
732,242,7.5625,1.1123201766603546e-06,,15,0.07904395461082458,33795
733,476,14.875,12.254017602090098,,14,0.0013502169167622924,33795
734,376,11.75,0.0016501430002310114,,16,0.386209100484848,33795
735,324,10.125,0.0009900025300003305,,16,0.1282767951488495,33795
736,336,10.5,0.0017733320000330422,,16,0.03964627534151077,33795
737,240,7.5,11.00099000044011,,16,0.01663046143949032,33795
738,346,10.8125,0.14300025300453326,,16,0.2216559201478958,33795
739,384,12.0,11.187000187,,16,0.0020650234073400497,33795
740,438,13.6875,1.767702200101882e-05,,16,0.4617508053779602,33795
741,278,8.6875,1.870066789956202e-09,,15,0.33210277557373047,33795
742,242,7.5625,11.077016500329998,,16,0.6777883768081665,33795
743,356,11.125,9.900880000002335,,16,0.17633746564388275,33795
744,418,13.0625,0.17777541101650005,,16,0.0008660537423565984,33795
745,512,16.0,0.011000264895402026,,16,0.024564513936638832,33795
746,306,9.5625,0.18854020900110174,,16,0.006202537100762129,33795
747,242,7.5625,0.15444014300440148,,16,0.023544838652014732,33795
748,460,14.375,5.6334455004355,,16,0.4711722135543823,33795
749,210,6.5625,0.05500000000012101,,16,0.0041073765605688095,33795
750,334,10.4375,0.0022100210034320003,,15,0.23786628246307373,33795
751,434,13.5625,0.055000000000001596,,16,0.2120169997215271,33795
752,306,9.5625,0.13201541100017603,,16,0.16039860248565674,33795
753,266,8.3125,2.2020900011066993,,16,0.7306300401687622,33795
754,210,6.5625,1.1110187000001885,,16,0.019048266112804413,33795
755,244,7.625,0.0008800550000005634,,16,0.46098044514656067,33795
756,438,13.6875,0.27500555501441004,,16,0.030322499573230743,33795
757,318,9.9375,1.8832000000000496e-07,,16,0.5660116672515869,33795
758,456,14.25,0.001660044663200001,,15,0.02629414200782776,33795
759,306,9.5625,0.1760000014410001,,16,0.3975430428981781,33795
760,312,9.75,0.00011000264990177257,,16,0.007382035721093416,33795
761,428,13.375,13.311653377443434,,16,0.005938916467130184,33795
762,448,14.0,9.94400000176,,16,0.06989128887653351,33795
763,362,11.3125,4.401434411011,,16,0.29815301299095154,33795
764,166,5.1875,7.7005500440044,,15,0.0396423414349556,33795
765,376,11.75,9.99966220000021,,16,0.001462059561163187,33795
766,244,7.625,0.04400000000000069,,14,0.0006959679303690791,33795
767,382,11.9375,7.7004411343563e-06,,16,0.7408664226531982,33795
768,224,7.0,0.02233338899000002,,16,0.6757789850234985,33795
769,316,9.875,0.0011000446622005744,,16,0.42553621530532837,33795
770,492,15.375,0.0018832778801980271,,16,0.6357040405273438,33795
771,348,10.875,0.0014301430187550004,,16,0.38842013478279114,33795
772,470,14.6875,2.2023166002344445,,16,0.22887930274009705,33795
773,436,13.625,0.1650001656700436,,16,0.23876670002937317,33795
774,300,9.375,0.14432000154017607,,16,0.15661711990833282,33795
775,372,11.625,0.11000330000015401,,16,0.040000446140766144,33795
776,458,14.3125,10.000430264000004,,15,0.7109479904174805,33795
777,422,13.1875,0.1650001760154019,,16,0.15430760383605957,33795
778,342,10.6875,1.4311000342870464e-09,,15,0.3866889774799347,33795
779,514,16.0625,0.0026400017633020304,,16,0.02637721598148346,33795
780,414,12.9375,0.00165000177870011,,16,0.5203846096992493,33795
781,334,10.4375,2.200000143003301,,15,0.4959663152694702,33795
782,298,9.3125,0.08867540034005525,,16,0.00914632435888052,33795
783,206,6.4375,0.03300564301430001,,16,0.2016327679157257,33795
784,232,7.25,0.19801760000552238,,16,0.010839400812983513,33795
785,322,10.0625,0.07700000001883336,,16,0.02480245940387249,33795
786,468,14.625,0.18700022077662232,,16,0.42999911308288574,33795
787,440,13.75,0.055110000019933,,16,0.14430922269821167,33795
788,420,13.125,0.19802004201870171,,16,0.5042649507522583,33795
789,416,13.0,0.0017689553201557945,,16,0.020008813589811325,33795
790,424,13.25,5.611430188210001,,16,0.33654457330703735,33795
791,328,10.25,0.06754556600026522,,16,0.5187898874282837,33795
792,76,2.375,1.6610550000880007e-07,,16,0.0453934445977211,33795
793,182,5.6875,0.0015521000176770003,,16,0.0005483590648509562,33795
794,310,9.6875,7.810223300660279e-06,,16,0.5324314832687378,33795
795,282,8.8125,0.1980231000187005,,14,0.3747548460960388,33795
796,494,15.4375,0.14300017721022076,,16,0.09604454785585403,33795
797,310,9.6875,0.011018700014300026,,16,0.18546396493911743,33795
798,368,11.5,7.700017666017598,,15,0.7727887630462646,33795
799,360,11.25,5.610000133430022,,16,0.0050390963442623615,33795
800,338,10.5625,5.632110000024211,,16,0.8266386985778809,33795
801,318,9.9375,0.0017688344300990104,,16,0.10251843184232712,33795
802,338,10.5625,0.0018832019800000426,,16,0.106022909283638,33795
803,226,7.0625,0.056100000224499014,,16,0.017902255058288574,33795
804,262,8.1875,0.0013387000000000368,,16,0.0014863212127238512,33795
805,302,9.4375,1.4454000165027728e-05,,16,0.6086822748184204,33795
806,416,13.0,7.844443201991,,16,0.2766438126564026,33795
807,340,10.625,0.06689335400000158,,16,0.023483427241444588,33795
808,362,11.3125,14.3014454018898,,16,0.001446234411559999,33795
809,378,11.8125,13.202090001540064,,16,0.5761265754699707,33795
810,430,13.4375,13.255770000000002,,16,0.000645180232822895,33795
811,312,9.75,0.034210143014300004,,16,0.04125119000673294,33795
812,464,14.5,0.13201666599330167,,16,0.5459959506988525,33795
813,364,11.375,0.2426732880143995,,16,0.010644644498825073,33795
814,302,9.4375,10.010023100000002,,16,0.007548264227807522,33795
815,410,12.8125,0.0023102107600014455,,16,0.3198493421077728,33795
816,310,9.6875,2.2004554019833003,,16,0.4110311269760132,33795
817,370,11.5625,0.0020956540198022,,16,0.7063145637512207,33795
818,420,13.125,7.79902530088,,16,0.34207677841186523,33795
819,308,9.625,11.08800110000025,,16,0.5590630769729614,33795
820,432,13.5,12.101760066018834,,16,0.6684359312057495,33795
821,422,13.1875,2.541044000012801e-05,,15,0.3734879195690155,33795
822,146,4.5625,0.03300990000550003,,16,0.057085875421762466,33795
823,364,11.375,2.244440044018876,,16,0.0017546757590025663,33795
824,336,10.5,0.0015477001221000236,,16,0.5941649079322815,33795
825,338,10.5625,11.165660000019964,,16,0.011314941570162773,33795
826,286,8.9375,0.001650000660199142,,16,0.03875528648495674,33795
827,256,8.0,1.5401980000137658e-05,,16,0.0010649343021214008,33795
828,338,10.5625,0.14322000143330246,,16,0.357780396938324,33795
829,162,5.0625,4.4883300000000045e-06,,16,0.138942152261734,33795
830,410,12.8125,2.6401327832039617e-07,,16,0.134396493434906,33795
831,202,6.3125,0.0674388017743,,15,0.17196978628635406,33795
832,260,8.125,4.400023210000002,,16,0.25256794691085815,33795
833,286,8.9375,2.200000177320035,,16,0.38564449548721313,33795
834,220,6.875,1.760143771177001e-07,,16,0.0007231622003018856,33795
835,474,14.8125,0.02200775622655504,,16,0.4588472843170166,33795
836,190,5.9375,0.03300019800015403,,15,0.6186621189117432,33795
837,204,6.375,0.06700650220770002,,15,0.21907927095890045,33795
838,358,11.1875,0.001882101768822036,,16,0.23623798787593842,33795
839,406,12.6875,0.022002222230043042,,16,0.41345590353012085,33795
840,348,10.875,0.0006600880002208806,,16,0.0007103991811163723,33795
841,394,12.3125,0.0009901557600000002,,16,0.2728063464164734,33795
842,250,7.8125,0.1650001441111218,,16,0.0010833771666511893,33795
843,298,9.3125,0.09900000001442281,,16,0.6146069169044495,33795
844,258,8.0625,1.883332000000049e-05,,15,0.00058270018780604,33795
845,286,8.9375,1.7743772223232014e-05,,16,0.002134158043190837,33795
846,280,8.75,1.760001447723201e-05,,16,0.3248334228992462,33795
847,270,8.4375,5.500884400000154,,16,0.5875219702720642,33795
848,322,10.0625,0.21043009900330056,,16,0.11535623669624329,33795
849,392,12.25,2.3100015405108413e-07,,16,0.4967329502105713,33795
850,432,13.5,0.03301980242891133,,16,0.20233353972434998,33795
851,360,11.25,2.3221330189116575e-05,,16,0.0010552308522164822,33795
852,378,11.8125,0.22056100002530188,,16,0.39036551117897034,33795
853,412,12.875,8.943000187019935,,16,0.0629020407795906,33795
854,298,9.3125,0.05500000033000001,,15,0.4458072781562805,33795
855,296,9.25,1.870187660000001e-05,,15,0.17588630318641663,33795
856,424,13.25,3.4320000000154014,,16,0.6632477045059204,33795
857,290,9.0625,5.501100011442202,,16,0.00012690413859672844,33795
858,272,8.5,0.0023101876633000017,,16,0.6950211524963379,33795
859,214,6.6875,1.6643011088000004e-05,,16,0.00029106010333634913,33795
860,332,10.375,2.2016676550000893,,16,0.0037414978723973036,33795
861,214,6.6875,5.500660143000003,,16,0.05516556650400162,33795
862,516,16.125,0.012320165014466325,,16,0.6776362657546997,33795
863,238,7.4375,0.0014300002288000003,,16,0.5387746095657349,33795
864,306,9.5625,0.18700000253770185,,16,0.01937050186097622,33795
865,324,10.125,6.600014444338891e-06,,16,0.002216343767940998,33795
866,260,8.125,0.055888800018700065,,15,0.012913537211716175,33795
867,366,11.4375,4.400000055660002,,16,0.7042851448059082,33795
868,464,14.5,2.3103302104422325,,16,0.3293088674545288,33795
869,578,18.0625,0.14411650055018824,,16,0.23102176189422607,33795
870,366,11.4375,8.9210000770165,,16,0.05205491930246353,33795
871,300,9.375,0.1870044018833665,,15,0.5947147011756897,33795
872,290,9.0625,0.19800000165001164,,15,0.5535632967948914,33795
873,362,11.3125,0.19976015400017727,,16,0.1845804750919342,33795
874,334,10.4375,5.588000143013211,,16,0.0007372751133516431,33795
875,316,9.875,0.17602097766452282,,16,0.29117780923843384,33795
876,270,8.4375,1.8701555400000007e-05,,16,0.10990028083324432,33795
877,418,13.0625,1.872200016611807e-05,,16,0.5428851842880249,33795
878,212,6.625,0.25300000000220185,,15,0.005771322641521692,33795
879,394,12.3125,3.443006600111221,,16,0.6923923492431641,33795
880,260,8.125,0.13266005500017605,,16,0.00030008848989382386,33795
881,272,8.5,0.14302758910332294,,16,0.5435045957565308,33795
882,282,8.8125,0.04400025388000145,,15,0.13700425624847412,33795
883,226,7.0625,0.033000000000012325,,16,0.0002113934315275401,33795
884,440,13.75,11.144760177650175,,16,0.290114164352417,33795
885,160,5.0,0.011015477017600002,,15,0.11583179980516434,33795
886,334,10.4375,13.233220199884297,,16,0.72185218334198,33795
887,498,15.5625,5.566000176017755,,15,5.068893369752914e-05,33795
888,366,11.4375,1.2320000663301434,,16,0.00011259522580076009,33795
889,352,11.0,0.002103310000055047,,16,0.015598108991980553,33795
890,250,7.8125,0.19933650143000006,,16,0.008012010715901852,33795
891,372,11.625,0.04401994301556623,,16,0.5355036854743958,33795
892,360,11.25,6.622018888769986,,16,0.19645428657531738,33795
893,352,11.0,13.356090110782096,,16,0.7181168794631958,33795
894,430,13.4375,0.18877777600014367,,16,0.6794434189796448,33795
895,224,7.0,0.02343000000664403,,16,0.00010930350981652737,33795
896,172,5.375,0.16501320000006697,,15,0.008761180564761162,33795
897,270,8.4375,1.7633228921037412e-07,,16,0.6640260815620422,33795
898,288,9.0,0.02332001166000168,,16,0.0058956630527973175,33795
899,298,9.3125,1.4300003300000008e-05,,14,0.09349124878644943,33795
900,320,10.0,5.502318955760189,,16,0.2695918381214142,33795
901,260,8.125,1.5455016601090283e-07,,16,0.0075616296380758286,33795
902,408,12.75,0.13200004422000006,,15,0.6135688424110413,33795
903,456,14.25,0.17688017743004558,,16,0.7158633470535278,33795
904,400,12.5,5.500003443894303,,16,0.014611754566431046,33795
905,344,10.75,0.044770231660000014,,16,0.7045512199401855,33795
906,296,9.25,6.754000165550011,,16,0.7424236536026001,33795
907,506,15.8125,1.1220088448866883,,16,0.6285586953163147,33795
908,316,9.875,3.3220033025301556,,16,0.0046993945725262165,33795
909,386,12.0625,1.66210001430003e-05,,16,0.5456830859184265,33795
910,306,9.5625,8.800023221016499,,15,0.4811427593231201,33795
911,376,11.75,0.05500019966557711,,16,0.004769887775182724,33795
912,452,14.125,5.632016621990165,,16,0.6920729875564575,33795
913,398,12.4375,0.2090001449855025,,16,0.5877581238746643,33795
914,276,8.625,0.00011000055550002311,,16,0.48445963859558105,33795
915,372,11.625,5.501777602200154,,16,0.07588010281324387,33795
916,266,8.3125,5.621000001555401,,16,0.3258903920650482,33795
917,354,11.0625,0.0016578433301760011,,16,0.2899749279022217,33795
918,418,13.0625,0.16589320000000007,,16,0.026417624205350876,33795
919,298,9.3125,4.532002289441155,,16,0.04128934442996979,33795
920,384,12.0,0.002200176016500239,,16,0.0021011538337916136,33795
921,186,5.8125,0.011000143000011002,,16,0.0035483979154378176,33795
922,408,12.75,0.044675411000177793,,16,0.298544704914093,33795
923,180,5.625,0.001980011000066001,,14,0.002076053060591221,33795
924,368,11.5,2.2088021298243145e-09,,16,0.1044599711894989,33795
925,270,8.4375,7.777990000034106e-08,,16,0.3484019935131073,33795
926,310,9.6875,1.2320154011055002,,15,0.0009702348615974188,33795
927,356,11.125,3.3990001759999995,,16,0.5314244031906128,33795
928,444,13.875,2.0956540000042234e-05,,15,0.15776106715202332,33795
929,170,5.3125,0.14301100066999906,,16,0.34778693318367004,33795
930,274,8.5625,0.0017600000000018916,,15,0.005975056439638138,33795
931,344,10.75,8.879224554238509e-14,,14,0.6467084884643555,33795
932,352,11.0,8.965113389540003,,16,0.025138983502984047,33795
933,284,8.875,1.1000110000574208e-05,,16,0.260398805141449,33795
934,268,8.375,0.0009933553300005508,,16,0.3548547029495239,33795
935,434,13.5625,0.05500014465440255,,16,0.15162445604801178,33795
936,382,11.9375,1.980000990233347e-07,,16,0.719051718711853,33795
937,376,11.75,0.05599014301658803,,16,0.04199140518903732,33795
938,262,8.1875,0.05577000001661001,,16,0.5187969207763672,33795
939,428,13.375,0.19800556601980063,,15,0.7256860733032227,33795
940,364,11.375,2.300540144558943e-06,,16,0.3490935266017914,33795
941,260,8.125,0.00022660000440001104,,16,0.45302385091781616,33795
942,222,6.9375,0.17600000033990135,,16,0.6564667820930481,33795
943,366,11.4375,2.2784300990143014,,16,0.0028397906571626663,33795
944,472,14.75,0.16501980198000005,,16,0.4671189785003662,33795
945,396,12.375,13.200672255650087,,16,0.6373476982116699,33795
946,348,10.875,1.549900660013438e-05,,16,0.5346258282661438,33795
947,252,7.875,1.1990198011078432,,16,0.0005776887992396951,33795
948,350,10.9375,11.144870001650057,,16,0.005738371517509222,33795
949,378,11.8125,0.2209900000165003,,16,0.5387043952941895,33795
950,404,12.625,3.4220000334410665,,16,0.4729248285293579,33795
951,256,8.0,2.3100000110155876,,16,0.48201391100883484,33795
952,300,9.375,1.6500110275000012e-07,,15,0.41916799545288086,33795
953,186,5.8125,8.81100017633,,16,0.040033917874097824,33795
954,478,14.9375,10.032885544770155,,15,0.07626117765903473,33795
955,320,10.0,0.0330000110001439,,16,0.0032196934334933758,33795
956,324,10.125,0.19976000000000224,,15,0.2857605516910553,33795
957,464,14.5,0.19976990265100197,,15,0.5150658488273621,33795
958,372,11.625,0.187018701328921,,16,0.01929822750389576,33795
959,272,8.5,5.654001100560043,,16,0.3142750859260559,33795
960,346,10.8125,0.04402542100017748,,16,0.07176271826028824,33795
961,284,8.875,8.800000000014302,,16,0.002059842459857464,33795
962,430,13.4375,9.901994301327699,,15,0.032841380685567856,33795
963,378,11.8125,4.4880055,,16,0.31426289677619934,33795
964,198,6.1875,14.30000016522,,15,0.4966345727443695,33795
965,316,9.875,12.1016544000077,,16,0.5982494950294495,33795
966,444,13.875,0.17600006710771107,,16,0.058454275131225586,33795
967,350,10.9375,2.2990143000143446,,16,0.046258267015218735,33795
968,462,14.4375,0.17601663267001003,,16,0.7006785869598389,33795
969,404,12.625,1.9801870154038515e-07,,16,0.6977819204330444,33795
970,428,13.375,0.0004400000001551179,,16,0.43442314863204956,33795
971,362,11.3125,11.000009900000165,,16,0.5329462885856628,33795
972,404,12.625,0.0018700330000000558,,15,0.012129045091569424,33795
973,486,15.1875,0.21054770165018913,,16,0.21344725787639618,33795
974,240,7.5,2.4200000001430302e-05,,16,0.0858214795589447,33795
975,212,6.625,7.810000001980156,,16,0.0049116360023617744,33795
976,304,9.5,3.410026401543322,,16,0.7134551405906677,33795
977,444,13.875,0.1555510442233016,,16,0.04648362472653389,33795
978,346,10.8125,1.782001662243024e-05,,16,0.38132256269454956,33795
979,184,5.75,0.1556500016710105,,15,0.027543894946575165,33795
980,352,11.0,6.710017600023099,,16,0.28281348943710327,33795
981,292,9.125,12.101650033002311,,16,0.4182913303375244,33795
982,244,7.625,0.0014301541112223303,,16,0.6042315363883972,33795
983,434,13.5625,14.300440143880023,,16,0.5601323843002319,33795
984,408,12.75,7.8005401320001875,,16,0.1431790590286255,33795
985,364,11.375,8.800110231660163,,15,0.08531591296195984,33795
986,394,12.3125,2.2023100000166322,,16,0.7093009948730469,33795
987,334,10.4375,2.200001100000099,,16,0.0002658643643371761,33795
988,316,9.875,0.00044880242007744054,,16,0.5573357939720154,33795
989,340,10.625,0.06711430154880023,,16,8.149362110998482e-05,33795
990,362,11.3125,10.011448700330188,,16,0.032638609409332275,33795
991,514,16.0625,2.2895598000000015,,16,0.330370157957077,33795
992,308,9.625,6.721784300000001,,15,0.004683037754148245,33795
993,272,8.5,0.000232222320001999,,15,0.0033241191413253546,33795
994,364,11.375,2.2017688000000017,,16,0.3649749457836151,33795
995,332,10.375,12.255552211227622,,16,0.017309606075286865,33795
996,218,6.8125,6.600220065999999,,16,4.7367630031658337e-05,33795
997,406,12.6875,12.2760001650077,,16,0.6418113112449646,33795
998,248,7.75,1.1000001100025305e-05,,16,0.04753900691866875,33795
999,238,7.4375,4.400004433003301,,16,0.3206481337547302,33795
